City_ID,City,Country,Date,Lat,Lng,Max Temp,Humidity,Cloudiness,Wind Speed
0,Nyurba,RU,2021-12-02 00:43:11,63.2842,118.3319,-20.31,96,100,2.17
1,Tateyama,JP,2021-12-02 00:43:11,34.9833,139.8667,57.09,47,1,11.79
2,Scottsboro,US,2021-12-02 00:43:13,34.6723,-86.0341,58.26,66,90,3.44
3,Rock Sound,BS,2021-12-02 00:43:13,24.9,-76.2,77.76,67,6,12.33
4,Rabaul,PG,2021-12-02 00:43:13,-4.1967,152.1721,83.73,73,99,6.4
5,Otradnoye,RU,2021-12-02 00:43:14,59.7775,30.8181,21.25,99,91,3.2
6,Ancud,CL,2021-12-02 00:43:15,-41.8697,-73.8203,51.33,74,100,5.88
7,Piacabucu,BR,2021-12-02 00:43:15,-10.4056,-36.4344,78.51,81,86,13.13
8,Gamba,GA,2021-12-02 00:43:15,-2.65,10.0,76.46,92,100,4.52
9,Hermanus,ZA,2021-12-02 00:43:16,-34.4187,19.2345,59.9,75,100,10.98
10,Cherskiy,RU,2021-12-02 00:43:16,68.75,161.3,-31.32,100,71,5.17
11,Barrow,US,2021-12-02 00:43:16,71.2906,-156.7887,-12.98,70,90,11.5
12,Suluq,LY,2021-12-02 00:43:17,31.6682,20.2521,58.32,71,0,6.08
13,Sao Joao Da Barra,BR,2021-12-02 00:43:17,-21.6403,-41.0511,72.43,95,2,8.01
14,Ushuaia,AR,2021-12-02 00:42:53,-54.8,-68.3,47.86,61,40,24.16
15,Nelson Bay,AU,2021-12-02 00:43:18,-32.7167,152.15,77.95,74,1,8.14
16,Amalapuram,IN,2021-12-02 00:43:18,16.5833,82.0167,77.38,83,46,4.85
17,Vung Tau,VN,2021-12-02 00:41:15,10.346,107.0843,76.21,82,19,5.01
18,Jamestown,US,2021-12-02 00:39:07,42.097,-79.2353,38.71,78,90,3.0
19,Chuy,UY,2021-12-02 00:43:19,-33.6971,-53.4616,58.78,76,9,7.09
20,Olinda,BR,2021-12-02 00:43:19,-8.0089,-34.8553,82.13,74,40,6.91
21,Atambua,ID,2021-12-02 00:43:19,-9.1061,124.8925,84.04,59,100,1.5
22,Port Alfred,ZA,2021-12-02 00:43:20,-33.5906,26.891,67.33,92,93,0.96
23,Selikhino,RU,2021-12-02 00:43:21,50.3672,137.4996,15.64,78,100,9.8
24,Rikitea,PF,2021-12-02 00:43:21,-23.1203,-134.9692,76.51,73,0,17.22
25,Atuona,PF,2021-12-02 00:43:22,-9.8,-139.0333,78.6,78,58,20.56
26,Busselton,AU,2021-12-02 00:42:54,-33.65,115.3333,67.05,49,31,10.8
27,Airai,TL,2021-12-02 00:43:23,-8.9266,125.4092,74.21,54,100,2.26
28,Kamaishi,JP,2021-12-02 00:43:23,39.2667,141.8833,32.95,71,46,22.19
29,Mataura,NZ,2021-12-02 00:43:23,-46.1927,168.8643,69.48,36,100,1.79
30,Rio Cuarto,AR,2021-12-02 00:43:24,-33.1307,-64.3499,71.37,64,20,10.36
31,Kruisfontein,ZA,2021-12-02 00:43:24,-34.0033,24.7314,63.88,90,100,12.86
32,East London,ZA,2021-12-02 00:43:24,-33.0153,27.9116,69.22,92,100,3.49
33,Prince Rupert,CA,2021-12-02 00:43:25,54.3161,-130.3201,42.49,54,20,21.85
34,Nome,US,2021-12-02 00:41:17,64.5011,-165.4064,-14.73,65,1,3.44
35,New Norfolk,AU,2021-12-02 00:43:25,-42.7826,147.0587,87.66,24,84,6.62
36,Ribeira Grande,PT,2021-12-02 00:43:26,38.5167,-28.7,64.26,81,9,7.07
37,Roald,NO,2021-12-02 00:43:26,62.5833,6.1333,33.01,93,90,5.75
38,Rudnichnyy,RU,2021-12-02 00:43:27,59.617,52.4703,16.59,97,45,5.12
39,Srednekolymsk,RU,2021-12-02 00:43:27,67.45,153.6833,-37.79,100,41,1.79
40,Hamilton,US,2021-12-02 00:42:18,39.1834,-84.5333,53.11,87,90,1.99
41,Tasiilaq,GL,2021-12-02 00:43:28,65.6145,-37.6368,25.9,93,100,30.85
42,Hay River,CA,2021-12-02 00:43:28,60.8156,-115.7999,6.78,85,90,3.44
43,Lagoa,PT,2021-12-02 00:43:28,39.05,-27.9833,62.51,85,1,9.91
44,Bluff,NZ,2021-12-02 00:43:28,-46.6,168.3333,69.8,71,100,10.16
45,Kaitangata,NZ,2021-12-02 00:44:29,-46.2817,169.8464,65.93,76,100,9.35
46,Urucara,BR,2021-12-02 00:44:29,-2.5364,-57.76,79.11,80,100,2.66
47,Nikolskoye,RU,2021-12-02 00:44:29,59.7035,30.7861,21.09,98,95,3.29
48,Victoria,HK,2021-12-02 00:44:30,22.2855,114.1577,62.26,44,12,1.01
49,Robinson,US,2021-12-02 00:44:30,31.4677,-97.1147,69.35,79,1,4.61
50,Oros,BR,2021-12-02 00:44:30,-6.2444,-38.9136,81.19,64,40,12.8
51,Tuktoyaktuk,CA,2021-12-02 00:44:31,69.4541,-133.0374,-20.2,76,90,4.61
52,Goderich,CA,2021-12-02 00:44:31,43.7501,-81.7165,38.91,75,100,12.66
53,Vaini,TO,2021-12-02 00:44:31,-21.2,-175.2,86.16,79,20,11.5
54,Tual,ID,2021-12-02 00:44:32,-5.6667,132.75,77.85,84,100,6.58
55,Chunhuhub,MX,2021-12-02 00:44:32,19.55,-88.6833,71.49,91,22,2.39
56,Wadena,US,2021-12-02 00:44:32,46.4425,-95.1361,46.65,81,75,4.61
57,Sitka,US,2021-12-02 00:44:32,57.0531,-135.33,39.09,65,75,28.77
58,San Andres,CO,2021-12-02 00:39:35,12.5847,-81.7006,82.42,78,90,11.5
59,Pangai,TO,2021-12-02 00:44:33,-19.8,-174.35,73.51,88,90,2.3
60,Havelock,US,2021-12-02 00:44:33,34.8791,-76.9013,56.95,87,100,6.98
61,Puerto Carreno,CO,2021-12-02 00:44:34,6.189,-67.4859,81.5,71,99,13.2
62,Te Anau,NZ,2021-12-02 00:44:35,-45.4167,167.7167,71.49,49,100,1.36
63,Am Timan,TD,2021-12-02 00:44:35,11.0297,20.2827,75.38,25,10,7.09
64,Saint-Philippe,RE,2021-12-02 00:44:35,-21.3585,55.7679,72.99,84,53,10.6
65,Thanh Hoa,VN,2021-12-02 00:40:11,19.8,105.7667,62.17,59,13,4.63
66,Touros,BR,2021-12-02 00:44:36,-5.1989,-35.4608,81.5,74,37,10.96
67,Korla,CN,2021-12-02 00:44:36,41.7597,86.1469,21.63,73,1,2.42
68,Tabas,IR,2021-12-02 00:44:36,33.5959,56.9244,59.0,36,100,4.29
69,Lompoc,US,2021-12-02 00:44:37,34.6391,-120.4579,70.21,73,1,5.75
70,Cape Town,ZA,2021-12-02 00:44:38,-33.9258,18.4232,61.21,63,20,9.22
71,Punta Arenas,CL,2021-12-02 00:44:06,-53.15,-70.9167,51.91,50,0,13.8
72,Hithadhoo,MV,2021-12-02 00:44:38,-0.6,73.0833,81.57,76,91,6.62
73,Dzaoudzi,YT,2021-12-02 00:44:38,-12.7887,45.2699,78.69,78,75,3.44
74,Hami,CN,2021-12-02 00:44:40,42.8,93.45,24.55,63,0,4.43
75,Bandarbeyla,SO,2021-12-02 00:44:40,9.4942,50.8122,74.75,64,0,13.73
76,Changying,CN,2021-12-02 00:44:40,52.8733,123.3213,3.74,90,100,4.45
77,Khatanga,RU,2021-12-02 00:44:41,71.9667,102.5,-38.29,100,92,1.28
78,Beringovskiy,RU,2021-12-02 00:44:41,63.05,179.3167,1.98,88,56,12.95
79,Esperance,AU,2021-12-02 00:41:05,-33.8667,121.9,67.84,60,9,11.23
80,Alakurtti,RU,2021-12-02 00:44:41,66.9672,30.3491,23.63,94,100,8.14
81,Kavaratti,IN,2021-12-02 00:44:42,10.5669,72.642,81.84,79,49,12.73
82,Bengkulu,ID,2021-12-02 00:44:42,-3.8004,102.2655,77.86,77,35,3.62
83,Onesti,RO,2021-12-02 00:44:43,46.25,26.75,37.08,71,100,7.61
84,Namibe,AO,2021-12-02 00:44:43,-15.1961,12.1522,70.7,80,80,5.5
85,Albany,US,2021-12-02 00:42:15,42.6001,-73.9662,34.61,80,100,1.5
86,Altay,CN,2021-12-02 00:44:43,47.8667,88.1167,20.41,48,54,8.39
87,Macheng,CN,2021-12-02 00:40:02,31.1783,115.0319,45.48,31,0,2.21
88,La Ronge,CA,2021-12-02 00:44:44,55.1001,-105.2842,14.25,85,90,5.75
89,Cockburn Town,TC,2021-12-02 00:44:44,21.4612,-71.1419,80.65,73,3,16.08
90,Belaya Gora,RU,2021-12-02 00:44:45,68.5333,146.4167,-41.64,100,72,1.16
91,Ponta Do Sol,PT,2021-12-02 00:44:45,32.6667,-17.1,65.71,71,19,5.86
92,Fereydun Kenar,IR,2021-12-02 00:45:45,36.6864,52.5225,59.61,87,30,14.34
93,Hobart,AU,2021-12-02 00:45:46,-42.8794,147.3294,89.02,55,20,1.01
94,Katsuura,JP,2021-12-02 00:45:46,35.1333,140.3,57.18,39,0,10.71
95,Bredasdorp,ZA,2021-12-02 00:45:47,-34.5322,20.0403,59.72,71,100,10.49
96,Poum,NC,2021-12-02 00:45:47,-20.2333,164.0167,81.73,76,25,13.47
97,Shenjiamen,CN,2021-12-02 00:45:47,29.9576,122.298,48.9,57,6,12.73
98,New Amsterdam,GY,2021-12-02 00:45:48,6.25,-57.5167,74.88,96,95,4.56
99,Olafsvik,IS,2021-12-02 00:45:50,64.8945,-23.7142,33.84,97,100,30.2
100,Partizanskoye,RU,2021-12-02 00:45:51,55.5006,94.39,28.62,67,100,13.22
101,Mandan,US,2021-12-02 00:45:51,46.8267,-100.8896,55.38,60,90,1.99
102,Hilo,US,2021-12-02 00:45:52,19.7297,-155.09,77.25,86,20,0.0
103,Saint-Pierre,RE,2021-12-02 00:45:52,-21.3393,55.4781,73.08,65,75,5.75
104,Arraial Do Cabo,BR,2021-12-02 00:45:53,-22.9661,-42.0278,73.29,88,5,6.93
105,Byron Bay,AU,2021-12-02 00:45:54,-28.65,153.6167,79.88,73,82,13.67
106,Ishigaki,JP,2021-12-02 00:45:54,24.3448,124.1572,66.33,55,40,10.36
107,Iskateley,RU,2021-12-02 00:45:55,67.6803,53.1512,10.42,94,100,16.02
108,Uribia,CO,2021-12-02 00:45:55,11.7139,-72.266,79.52,77,15,11.3
109,San Quintin,MX,2021-12-02 00:45:56,30.4833,-115.95,63.46,74,0,4.65
110,Isangel,VU,2021-12-02 00:45:56,-19.55,169.2667,75.31,100,40,12.66
111,Bambous Virieux,MU,2021-12-02 00:45:57,-20.3428,57.7575,77.25,78,40,3.44
112,Walvis Bay,NA,2021-12-02 00:45:57,-22.9575,14.5053,59.09,82,0,5.75
113,Port-Gentil,GA,2021-12-02 00:45:58,-0.7193,8.7815,78.19,83,100,6.78
114,Shingu,JP,2021-12-02 00:46:00,33.7333,135.9833,47.39,48,0,3.09
115,Starovelichkovskaya,RU,2021-12-02 00:46:01,45.4288,38.7326,39.02,80,7,9.55
116,Butaritari,KI,2021-12-02 00:46:02,3.0707,172.7902,82.22,77,100,10.96
117,Vallenar,CL,2021-12-02 00:45:14,-28.5708,-70.7581,69.93,43,43,3.13
118,Krupina,SK,2021-12-02 00:46:03,48.3554,19.0647,41.83,99,100,6.22
119,Sao Filipe,CV,2021-12-02 00:46:05,14.8961,-24.4956,74.88,67,100,11.21
120,Biloela,AU,2021-12-02 00:46:05,-24.4167,150.5,86.18,51,21,2.91
121,Santarem,BR,2021-12-02 00:46:06,-2.4431,-54.7083,80.73,78,20,3.44
122,Gorontalo,ID,2021-12-02 00:46:07,0.5412,123.0595,84.33,69,98,2.19
123,Varna,BG,2021-12-02 00:44:42,43.2167,27.9167,43.45,93,0,1.14
124,Provideniya,RU,2021-12-02 00:46:07,64.3833,-173.3,0.36,50,40,6.71
125,Severo-Kurilsk,RU,2021-12-02 00:46:08,50.6789,156.125,40.53,89,100,19.44
126,Upernavik,GL,2021-12-02 00:46:09,72.7868,-56.1549,27.09,96,100,6.4
127,Meulaboh,ID,2021-12-02 00:46:09,4.1363,96.1285,76.78,86,27,5.21
128,Castro,BR,2021-12-02 00:46:09,-24.7911,-50.0119,62.82,96,32,8.46
129,Komsomolskiy,UZ,2021-12-02 00:46:10,40.4272,71.7189,35.02,69,9,4.61
130,Aklavik,CA,2021-12-02 00:46:10,68.2191,-135.0107,-16.6,76,90,8.05
131,Mahebourg,MU,2021-12-02 00:46:10,-20.4081,57.7,77.29,78,40,3.44
132,Nassau,US,2021-12-02 00:46:11,40.7507,-73.5829,47.88,61,1,0.0
133,Naze,JP,2021-12-02 00:46:11,28.3667,129.4833,56.32,65,100,13.27
134,Vostok,RU,2021-12-02 00:46:12,46.4856,135.8833,2.57,85,24,6.26
135,Warrnambool,AU,2021-12-02 00:46:12,-38.3833,142.4833,66.11,78,100,11.7
136,Lebu,CL,2021-12-02 00:46:12,-37.6167,-73.65,54.68,90,100,13.06
137,Klaksvik,FO,2021-12-02 00:47:13,62.2266,-6.589,34.72,60,99,27.81
138,Hambantota,LK,2021-12-02 00:47:13,6.1241,81.1185,73.74,100,0,2.3
139,Trincomalee,LK,2021-12-02 00:47:15,8.5711,81.2335,77.54,85,100,3.98
140,Nsanje,MW,2021-12-02 00:47:15,-16.92,35.262,74.98,90,19,4.09
141,Petropavlovsk-Kamchatskiy,RU,2021-12-02 00:47:16,53.0452,158.6483,43.39,100,90,31.32
142,Hobyo,SO,2021-12-02 00:47:16,5.3505,48.5268,78.69,67,100,14.85
143,Japura,ID,2021-12-02 00:47:17,-0.3167,102.35,79.18,85,64,1.79
144,Longyearbyen,SJ,2021-12-02 00:47:17,78.2186,15.6401,8.44,66,40,5.75
145,Tshikapa,CD,2021-12-02 00:47:18,-6.4167,20.8,68.43,97,100,1.41
146,Peace River,CA,2021-12-02 00:45:31,56.2501,-117.286,12.51,79,20,2.3
147,Port Augusta,AU,2021-12-02 00:47:18,-32.5,137.7667,93.7,50,0,15.88
148,Mount Gambier,AU,2021-12-02 00:47:19,-37.8333,140.7667,62.51,77,90,10.36
149,Murmansk,RU,2021-12-02 00:47:19,68.0,34.0,21.74,81,100,19.86
150,Puerto Ayora,EC,2021-12-02 00:47:19,-0.7393,-90.3518,69.57,86,52,9.75
151,Kuching,MY,2021-12-02 00:46:20,1.55,110.3333,79.02,89,20,2.3
152,Kavieng,PG,2021-12-02 00:47:20,-2.5744,150.7967,85.41,65,68,7.61
153,Husavik,IS,2021-12-02 00:47:20,66.0449,-17.3389,21.11,79,100,12.26
154,Coihueco,CL,2021-12-02 00:47:21,-36.6167,-71.8333,63.34,52,91,9.22
155,Nynashamn,SE,2021-12-02 00:47:21,58.9034,17.9479,28.2,69,100,19.39
156,San Policarpo,PH,2021-12-02 00:47:21,12.1791,125.5072,80.71,86,100,14.12
157,Akdepe,TM,2021-12-02 00:47:22,42.0551,59.3788,46.4,40,100,9.6
158,Pisco,PE,2021-12-02 00:47:23,-13.7,-76.2167,66.25,77,0,16.11
159,Carnarvon,AU,2021-12-02 00:47:23,-24.8667,113.6333,73.47,56,0,26.46
160,Buta,CD,2021-12-02 00:47:23,2.7858,24.73,69.87,98,100,2.24
161,Wadi Maliz,TN,2021-12-02 00:47:24,36.4681,8.5495,46.06,70,0,5.44
162,Yamada,JP,2021-12-02 00:47:24,39.4667,141.95,38.71,61,14,22.55
163,Kashira,RU,2021-12-02 00:47:24,54.8444,38.1669,21.54,85,41,11.97
164,Wangqing,CN,2021-12-02 00:47:25,43.3218,129.7634,24.53,64,2,9.28
165,Waingapu,ID,2021-12-02 00:47:25,-9.6567,120.2641,84.15,65,99,4.14
166,Sosnovka,RU,2021-12-02 00:47:27,56.255,51.2842,25.21,91,17,7.85
167,Hammerfest,NO,2021-12-02 00:47:28,70.6634,23.6821,30.65,86,75,18.41
168,Bathsheba,BB,2021-12-02 00:47:28,13.2167,-59.5167,81.21,78,40,19.57
169,Praia Da Vitoria,PT,2021-12-02 00:47:30,38.7333,-27.0667,62.85,94,75,6.93
170,Yulara,AU,2021-12-02 00:47:30,-25.2406,130.9889,94.84,15,0,10.36
171,Sovetskiy,RU,2021-12-02 00:47:31,61.3614,63.5842,32.79,98,100,10.18
172,Margate,GB,2021-12-02 00:47:31,51.3813,1.3862,38.7,76,48,8.01
173,Lorengau,PG,2021-12-02 00:47:31,-2.0226,147.2712,86.25,67,68,3.33
174,Banjar,ID,2021-12-02 00:47:32,-8.19,114.9675,82.26,81,100,0.89
175,San Juan,AR,2021-12-02 00:47:33,-31.5375,-68.5364,81.52,30,0,9.42
176,Kapaa,US,2021-12-02 00:47:33,22.0752,-159.319,82.38,74,40,5.01
177,Oranjestad,AW,2021-12-02 00:47:34,12.524,-70.027,80.55,89,20,6.91
178,Cayenne,GF,2021-12-02 00:47:34,4.9333,-52.3333,80.1,87,0,1.01
179,Ilulissat,GL,2021-12-02 00:47:35,69.2167,-51.1,30.97,61,100,11.52
180,Fairbanks,US,2021-12-02 00:47:35,64.8378,-147.7164,-1.79,76,75,0.0
181,Huilong,CN,2021-12-02 00:47:35,31.8111,121.655,49.03,49,0,9.6
182,Mar Del Plata,AR,2021-12-02 00:44:55,-38.0023,-57.5575,61.88,84,0,20.0
183,Saskylakh,RU,2021-12-02 00:48:36,71.9167,114.0833,-33.81,100,99,1.05
184,Leningradskiy,RU,2021-12-02 00:48:37,69.3833,178.4167,-14.6,90,100,5.88
185,Riyadh,SA,2021-12-02 00:45:08,24.6877,46.7219,60.94,32,8,7.25
186,Galesong,ID,2021-12-02 00:48:37,-5.3166,119.3661,84.22,73,100,3.8
187,Cidreira,BR,2021-12-02 00:48:38,-30.1811,-50.2056,65.34,71,16,7.61
188,Solnechnyy,RU,2021-12-02 00:48:38,50.7214,136.6319,13.23,73,100,5.61
189,Monrovia,LR,2021-12-02 00:48:39,6.3005,-10.7969,79.66,80,29,4.72
190,Galveston,US,2021-12-02 00:46:51,29.3669,-94.9669,71.19,87,1,6.91
191,Warrington,GB,2021-12-02 00:48:40,53.3925,-2.5802,39.27,79,0,1.01
192,Peniche,PT,2021-12-02 00:47:12,39.3558,-9.3811,55.62,76,97,22.86
193,Svarstad,NO,2021-12-02 00:48:41,59.399,9.9698,25.66,76,100,5.99
194,Baykit,RU,2021-12-02 00:48:42,61.67,96.37,2.97,98,100,1.97
195,Luau,AO,2021-12-02 00:48:42,-10.7073,22.2247,63.9,97,100,2.89
196,Narsaq,GL,2021-12-02 00:48:42,60.9167,-46.05,32.18,99,100,20.69
197,Fuyu,CN,2021-12-02 00:48:43,45.1833,124.8167,24.03,79,100,19.93
198,Lerwick,GB,2021-12-02 00:48:43,60.1545,-1.1494,37.4,60,56,30.27
199,Ahipara,NZ,2021-12-02 00:48:43,-35.1667,173.1667,70.88,65,100,3.0
200,Batticaloa,LK,2021-12-02 00:48:44,7.7102,81.6924,76.42,85,82,5.28
201,Sola,VU,2021-12-02 00:48:44,-13.8833,167.55,86.67,70,20,2.3
202,Bonavista,CA,2021-12-02 00:48:44,48.6499,-53.1147,35.11,70,3,13.96
203,San Patricio,US,2021-12-02 00:48:45,28.017,-97.5169,72.54,77,18,6.51
204,Yellowknife,CA,2021-12-02 00:48:45,62.456,-114.3525,-1.68,84,90,10.36
205,Karwar,IN,2021-12-02 00:48:45,14.8,74.1333,75.0,88,90,6.58
206,Fasa,IR,2021-12-02 00:48:47,28.9383,53.6482,40.24,60,0,4.61
207,Kabompo,ZM,2021-12-02 00:48:47,-13.5927,24.2008,64.35,79,31,3.22
208,Pevek,RU,2021-12-02 00:48:48,69.7008,170.3133,-7.65,94,100,6.22
209,Vardo,NO,2021-12-02 00:48:48,70.3705,31.1107,30.4,60,100,31.59
210,Djambala,CG,2021-12-02 00:48:49,-2.5447,14.7533,66.52,96,64,3.49
211,Palauig,PH,2021-12-02 00:48:50,15.435,119.9045,82.06,58,43,2.66
212,Villamontes,BO,2021-12-02 00:48:50,-21.25,-63.5,78.62,60,90,2.26
213,Chazuta,PE,2021-12-02 00:48:50,-6.5742,-76.1367,86.85,78,98,1.9
214,Tazovskiy,RU,2021-12-02 00:48:51,67.4667,78.7,-9.85,97,100,12.62
215,Avarua,CK,2021-12-02 00:48:51,-21.2078,-159.775,75.25,94,75,18.41
216,Haines Junction,CA,2021-12-02 00:48:51,60.7522,-137.5108,4.95,85,100,1.14
217,Silver City,US,2021-12-02 00:48:52,32.7701,-108.2803,55.36,31,1,5.75
218,Dingle,PH,2021-12-02 00:48:52,10.9995,122.6711,78.13,92,100,11.27
219,Ajdabiya,LY,2021-12-02 00:48:53,30.7554,20.2263,58.62,71,68,6.71
220,Sept-Iles,CA,2021-12-02 00:47:16,50.2001,-66.3821,27.12,93,90,4.61
221,Luderitz,NA,2021-12-02 00:48:53,-26.6481,15.1594,60.1,73,2,16.64
222,Bara,NG,2021-12-02 00:48:54,10.3744,10.7288,73.96,24,77,7.67
223,Grand Gaube,MU,2021-12-02 00:48:54,-20.0064,57.6608,77.4,78,2,1.01
224,Anjozorobe,MG,2021-12-02 00:48:55,-18.4,47.8667,61.12,84,100,6.11
225,Cadillac,US,2021-12-02 00:48:55,44.2519,-85.4012,40.24,87,90,8.05
226,Qaanaaq,GL,2021-12-02 00:48:56,77.484,-69.3632,4.42,74,18,6.58
227,Valreas,FR,2021-12-02 00:48:57,44.3837,4.9908,36.88,94,99,4.79
228,Saldanha,ZA,2021-12-02 00:48:57,-33.0117,17.9442,59.05,75,0,20.65
229,Valdivia,CL,2021-12-02 00:45:14,-39.8142,-73.2459,55.49,95,100,2.53
230,Fortuna,US,2021-12-02 00:49:58,40.5982,-124.1573,58.08,69,1,0.0
231,Pochutla,MX,2021-12-02 00:49:58,15.7432,-96.4661,75.02,77,99,3.27
232,Georgetown,MY,2021-12-02 00:46:13,5.4112,100.3354,78.89,87,20,1.99
233,Assiniboia,CA,2021-12-02 00:49:58,49.6334,-105.9845,42.71,48,100,12.66
234,North Bend,US,2021-12-02 00:49:59,43.4065,-124.2243,57.92,96,75,10.36
235,Pogradec,AL,2021-12-02 00:49:59,40.9025,20.6525,35.78,78,6,3.06
236,Stephenville,US,2021-12-02 00:49:59,32.2207,-98.2023,65.16,43,1,0.0
237,Kokopo,PG,2021-12-02 00:50:00,-4.352,152.2633,85.82,66,80,5.99
238,Veracruz,MX,2021-12-02 00:50:00,19.3333,-96.6667,66.06,90,100,0.45
239,Hofn,IS,2021-12-02 00:50:00,64.2539,-15.2082,26.94,75,100,5.32
240,Kingaroy,AU,2021-12-02 00:50:01,-26.5333,151.8333,75.24,73,90,6.91
241,Telma,RU,2021-12-02 00:50:01,52.6983,103.7097,27.61,93,99,3.27
242,Nara,JP,2021-12-02 00:50:02,34.6851,135.8049,48.96,42,7,6.08
243,Uyemskiy,RU,2021-12-02 00:50:03,64.4743,40.8524,14.05,92,90,2.24
244,Henderson,US,2021-12-02 00:48:48,36.0397,-114.9819,74.32,13,1,0.0
245,Bethel,US,2021-12-02 00:50:00,41.3712,-73.414,40.82,73,20,0.0
246,Jeremoabo,BR,2021-12-02 00:50:04,-10.075,-38.4808,75.63,75,78,8.72
247,Vao,NC,2021-12-02 00:50:05,-22.6667,167.4833,76.69,78,58,17.69
248,Cap Malheureux,MU,2021-12-02 00:50:05,-19.9842,57.6142,77.49,78,1,1.99
249,Kirovskiy,RU,2021-12-02 00:50:06,45.0917,133.5136,13.51,83,87,7.25
250,Port-Cartier,CA,2021-12-02 00:50:06,50.0334,-66.8654,26.82,93,100,6.31
251,Moron,AR,2021-12-02 00:50:05,-34.6534,-58.6198,67.98,74,0,5.01
252,Newport,GB,2021-12-02 00:50:06,51.5877,-2.9984,39.45,80,2,1.01
253,Tuatapere,NZ,2021-12-02 00:50:07,-46.1333,167.6833,70.83,53,100,6.35
254,Lavrentiya,RU,2021-12-02 00:50:08,65.5833,-171.0,-10.62,83,0,5.66
255,Coquimbo,CL,2021-12-02 00:50:09,-29.9533,-71.3436,60.53,77,0,10.36
256,Kathu,TH,2021-12-02 00:50:09,7.9178,98.3332,78.62,86,100,24.14
257,Topolevo,RU,2021-12-02 00:50:10,48.4994,135.1975,5.18,60,17,15.99
258,Dikson,RU,2021-12-02 00:50:10,73.5069,80.5464,-6.99,96,100,15.12
259,Catamarca,AR,2021-12-02 00:50:10,-28.4696,-65.7852,84.78,42,29,5.01
260,Clinton,US,2021-12-02 00:48:50,42.587,-82.9199,41.95,91,90,1.01
261,Avera,US,2021-12-02 00:50:11,33.194,-82.5271,62.47,49,100,7.63
262,Zakamensk,RU,2021-12-02 00:50:11,50.3741,103.2863,9.41,87,100,2.82
263,Cabo San Lucas,MX,2021-12-02 00:45:56,22.8909,-109.9124,77.14,66,74,6.96
264,Boende,CD,2021-12-02 00:50:12,-0.2167,20.8667,68.77,98,100,2.37
265,Saint George,US,2021-12-02 00:49:56,37.1041,-113.5841,64.99,25,1,1.01
266,Kinablangan,PH,2021-12-02 00:50:12,7.6947,126.5503,83.98,70,78,3.91
267,Avila,ES,2021-12-02 00:50:13,40.5833,-5.0,38.64,96,100,10.47
268,Bonnyville,CA,2021-12-02 00:50:13,54.2668,-110.735,33.12,93,84,1.25
269,Sainte-Anne-Des-Monts,CA,2021-12-02 00:50:13,49.124,-66.4924,28.27,86,100,10.36
270,Pirovskoye,RU,2021-12-02 00:50:14,57.6267,92.2658,24.28,85,100,11.03
271,Kalat,PK,2021-12-02 00:50:15,29.0225,66.5916,37.38,57,0,1.39
272,Jijiga,ET,2021-12-02 00:51:15,9.35,42.8,56.1,23,100,4.25
273,Whitehorse,CA,2021-12-02 00:51:16,60.7161,-135.0538,23.77,80,90,10.36
274,Stutterheim,ZA,2021-12-02 00:51:16,-32.5708,27.424,57.29,95,51,1.95
275,Innisfail,AU,2021-12-02 00:51:16,-17.5333,146.0333,88.2,61,7,9.1
276,Apatou,GF,2021-12-02 00:51:17,5.155,-54.3472,74.12,100,100,2.15
277,Chokurdakh,RU,2021-12-02 00:51:17,70.6333,147.9167,-32.98,100,99,7.23
278,Kodiak,US,2021-12-02 00:51:17,57.79,-152.4072,15.31,73,90,21.85
279,Kuminskiy,RU,2021-12-02 00:51:17,58.6667,66.5667,35.42,81,100,13.35
280,Bira,RU,2021-12-02 00:51:18,49.0,132.4667,7.03,68,100,2.51
281,Broome,US,2021-12-02 00:51:18,42.2506,-75.833,37.02,80,75,1.99
282,Liepaja,LV,2021-12-02 00:51:18,56.5419,21.0367,32.05,93,90,14.97
283,Bardiyah,LY,2021-12-02 00:51:19,31.7561,25.0865,59.81,64,91,10.2
284,San Cristobal,VE,2021-12-02 00:51:19,7.7669,-72.225,71.78,94,47,2.17
285,Milkovo,RU,2021-12-02 00:51:19,54.7167,158.6167,18.81,95,100,5.12
286,Hailey,US,2021-12-02 00:51:20,43.5196,-114.3153,40.89,69,54,3.0
287,Tevaitoa,PF,2021-12-02 00:51:20,-16.7833,-151.5,79.77,77,100,16.2
288,Storsteinnes,NO,2021-12-02 00:51:20,69.2408,19.2344,32.0,88,100,6.35
289,Sainte-Maxime,FR,2021-12-02 00:51:20,43.3,6.6333,52.0,69,100,10.98
290,Uruzgan,AF,2021-12-02 00:51:21,32.8333,66.0,40.24,42,0,5.46
291,Shirgaon,IN,2021-12-02 00:51:22,19.7,72.7,67.23,86,100,27.36
292,Kommunisticheskiy,RU,2021-12-02 00:51:22,61.6789,64.4819,32.59,98,100,10.0
293,Kahului,US,2021-12-02 00:51:23,20.8947,-156.47,85.26,72,20,18.41
294,Ocampo,MX,2021-12-02 00:51:23,21.65,-101.5,59.97,47,100,10.69
295,Energeticheskiy,KZ,2021-12-02 00:51:23,43.4278,77.0222,27.16,80,20,4.47
296,Camacha,PT,2021-12-02 00:51:24,33.0833,-16.3333,61.54,77,40,5.75
297,Bud,US,2021-12-02 00:51:24,39.447,-86.1758,50.32,97,58,6.35
298,Maragogi,BR,2021-12-02 00:51:25,-9.0122,-35.2225,78.53,82,95,9.08
299,Vila Velha,BR,2021-12-02 00:47:17,-20.3297,-40.2925,76.95,93,90,4.61
300,Maniitsoq,GL,2021-12-02 00:51:25,65.4167,-52.9,35.42,65,100,16.62
301,Thompson,CA,2021-12-02 00:51:25,55.7435,-97.8558,-0.24,78,90,8.05
302,Morehead,US,2021-12-02 00:51:26,37.2711,-87.1764,56.14,95,40,0.0
303,Tynda,RU,2021-12-02 00:51:26,55.1667,124.7167,-2.92,94,92,2.93
304,Souillac,MU,2021-12-02 00:51:27,-20.5167,57.5167,77.38,78,40,3.44
305,Iralaya,HN,2021-12-02 00:51:28,15.0,-83.2333,76.95,85,99,9.84
306,Vanimo,PG,2021-12-02 00:51:28,-2.6741,141.3028,85.14,69,100,3.67
307,Velikiy Novgorod,RU,2021-12-02 00:51:28,58.5167,31.2833,10.94,98,100,4.61
308,Concepcion De Buenos Aires,MX,2021-12-02 00:51:29,19.9667,-103.2667,56.55,74,55,2.73
309,Port Elizabeth,ZA,2021-12-02 00:49:14,-33.918,25.5701,66.09,82,0,23.02
310,Ossora,RU,2021-12-02 00:51:29,59.2353,163.0719,26.91,98,100,3.04
311,Talara,PE,2021-12-02 00:51:30,-4.5772,-81.2719,66.76,86,100,10.6
312,Hazaribag,IN,2021-12-02 00:51:31,23.9833,85.35,54.46,56,2,0.76
313,Nanortalik,GL,2021-12-02 00:51:31,60.1432,-45.2371,33.37,95,100,24.99
314,Ketchikan,US,2021-12-02 00:51:31,55.3422,-131.6461,37.87,70,75,12.66
315,Hasaki,JP,2021-12-02 00:51:32,35.7333,140.8333,52.29,36,0,19.91
316,Warburg,DE,2021-12-02 00:51:33,51.5,9.1667,39.49,80,24,15.23
317,Tempio Pausania,IT,2021-12-02 00:51:33,40.8974,9.1035,47.79,92,77,8.01
318,Yumen,CN,2021-12-02 00:51:34,40.2833,97.2,22.3,36,0,7.94
319,Talagang,PK,2021-12-02 00:52:34,32.9297,72.4158,51.89,37,3,0.72
320,Puerto Escondido,MX,2021-12-02 00:52:34,15.85,-97.0667,78.89,74,22,3.13
321,Batagay-Alyta,RU,2021-12-02 00:52:35,67.8006,130.4114,-38.72,97,32,4.25
322,Gornoye Loo,RU,2021-12-02 00:52:35,43.7129,39.6049,40.78,81,100,7.56
323,Jalu,LY,2021-12-02 00:52:36,29.0331,21.5482,55.96,71,78,4.41
324,Lodi,US,2021-12-02 00:52:36,38.1302,-121.2725,69.69,67,0,1.01
325,Rodrigues Alves,BR,2021-12-02 00:52:38,-7.738,-72.6509,74.12,96,100,3.24
326,Laguna,US,2021-12-02 00:52:38,38.421,-121.4238,69.76,70,1,1.01
327,Menongue,AO,2021-12-02 00:52:39,-14.6585,17.691,62.91,90,99,3.69
328,Sinnamary,GF,2021-12-02 00:52:39,5.3833,-52.95,78.13,89,100,11.52
329,Alice Springs,AU,2021-12-02 00:52:41,-23.7,133.8833,92.75,14,4,11.5
330,Baruun-Urt,MN,2021-12-02 00:52:41,46.6806,113.2792,21.06,62,18,17.56
331,Caconda,AO,2021-12-02 00:52:41,-13.7333,15.0667,58.62,92,99,2.53
332,Vila Do Maio,CV,2021-12-02 00:52:43,15.1333,-23.2167,75.51,66,100,17.85
333,Tautira,PF,2021-12-02 00:52:43,-17.7333,-149.15,86.02,76,100,19.69
334,Ixtapa,MX,2021-12-02 00:52:43,20.7,-105.2,72.86,89,85,1.41
335,Dunedin,NZ,2021-12-02 00:52:44,-45.8742,170.5036,60.21,82,100,16.33
336,Chipata,ZM,2021-12-02 00:52:45,-13.6333,32.65,69.33,66,2,5.01
337,Caravelas,BR,2021-12-02 00:52:45,-17.7125,-39.2481,76.19,92,95,11.01
338,Ponta Delgada,PT,2021-12-02 00:52:46,37.7333,-25.6667,63.5,82,20,6.91
339,Port Hedland,AU,2021-12-02 00:52:46,-20.3167,118.5667,96.85,19,66,9.22
340,Lasa,IT,2021-12-02 00:52:47,46.6166,10.7002,38.14,97,100,1.21
341,Bambanglipuro,ID,2021-12-02 00:52:48,-7.95,110.2833,81.1,78,100,4.76
342,Omsukchan,RU,2021-12-02 00:52:49,62.5333,155.8,-20.2,95,100,8.14
343,Hegang,CN,2021-12-02 00:52:49,47.4,130.3667,10.35,92,100,5.57
344,Kouango,CF,2021-12-02 00:52:50,4.9934,19.9619,78.8,64,100,3.83
345,Tiksi,RU,2021-12-02 00:52:50,71.6872,128.8694,-28.44,100,81,4.32
346,Victor Harbor,AU,2021-12-02 00:52:51,-35.5667,138.6167,81.19,70,59,1.99
347,Minsk,BY,2021-12-02 00:52:37,53.9,27.5667,26.35,96,100,15.43
348,Geraldton,AU,2021-12-02 00:52:53,-28.7667,114.6,71.13,49,0,17.27
349,Vinh,VN,2021-12-02 00:52:53,18.6667,105.6667,62.13,71,79,6.82
350,Abu Zabad,SD,2021-12-02 00:52:54,12.35,29.25,75.92,24,97,14.88
351,Miles City,US,2021-12-02 00:52:55,46.4083,-105.8406,67.17,32,1,27.63
352,Atar,MR,2021-12-02 00:52:55,20.5169,-13.0499,69.1,14,100,10.69
353,Norman Wells,CA,2021-12-02 00:52:56,65.282,-126.8329,-21.96,63,90,4.61
354,Paducah,US,2021-12-02 00:52:56,37.0834,-88.6001,56.61,96,1,3.44
355,Beira,MZ,2021-12-02 00:52:57,-19.8436,34.8389,75.29,83,20,5.01
356,Hearst,CA,2021-12-02 00:52:59,49.6835,-83.6665,21.45,95,100,10.54
357,Thayetmyo,MM,2021-12-02 00:52:59,19.3167,95.1833,68.16,85,21,4.25
358,Naumburg,DE,2021-12-02 00:52:59,51.15,11.8167,42.93,75,16,18.88
359,Gazli,UZ,2021-12-02 00:53:00,40.1333,63.45,61.5,23,87,21.94
360,Cheremisinovo,RU,2021-12-02 00:53:00,51.8855,37.2646,26.71,80,75,10.92
361,Porto Nacional,BR,2021-12-02 00:51:15,-10.7081,-48.4172,77.0,90,100,2.39
362,Rio Grande,BR,2021-12-02 00:53:00,-32.035,-52.0986,63.95,66,93,10.45
363,George,ZA,2021-12-02 00:53:01,-33.963,22.4617,58.55,94,90,6.91
364,Arroyo,ES,2021-12-02 00:53:01,41.6096,-4.7969,41.14,84,20,10.36
365,General Pico,AR,2021-12-02 00:54:02,-35.6566,-63.7568,69.87,55,21,8.66
366,Praia,CV,2021-12-02 00:54:03,14.9215,-23.5087,74.23,68,100,15.84
367,Havoysund,NO,2021-12-02 00:54:04,70.9963,24.6622,31.08,62,100,27.2
368,Songjianghe,CN,2021-12-02 00:54:04,42.1859,127.479,17.42,67,0,10.78
369,Linqiong,CN,2021-12-02 00:54:05,30.4159,103.4609,48.02,67,11,3.53
370,Mahibadhoo,MV,2021-12-02 00:54:05,3.7833,72.9667,81.07,78,46,6.42
371,Kimbe,PG,2021-12-02 00:54:06,-5.5502,150.1429,88.21,65,96,5.44
372,Notre-Dame-Du-Lac,CA,2021-12-02 00:54:06,47.6136,-68.7964,25.14,91,28,2.91
373,Althofen,AT,2021-12-02 00:54:06,46.8818,14.4676,35.06,99,100,2.21
374,Constitucion,CL,2021-12-02 00:54:07,-35.3333,-72.4167,53.26,87,100,11.07
375,Stulovo,RU,2021-12-02 00:54:07,58.7225,50.1439,21.72,95,96,7.63
376,Kodinsk,RU,2021-12-02 00:54:07,58.6881,99.1844,11.32,95,100,3.85
377,Cedar City,US,2021-12-02 00:54:07,37.6775,-113.0619,45.18,51,6,2.21
378,Iqaluit,CA,2021-12-02 00:54:09,63.7506,-68.5145,11.93,73,90,2.3
379,Suoyarvi,RU,2021-12-02 00:54:09,62.0833,32.35,10.9,93,70,7.96
380,Russell,US,2021-12-02 00:54:10,32.3502,-85.1999,58.71,50,1,0.0
381,Pangnirtung,CA,2021-12-02 00:53:58,66.1451,-65.7125,2.93,97,100,7.16
382,Mamallapuram,IN,2021-12-02 00:54:10,12.6264,80.1722,79.05,76,100,10.56
383,La Rioja,ES,2021-12-02 00:54:10,42.25,-2.5,37.49,93,100,12.28
384,Banda Aceh,ID,2021-12-02 00:54:11,5.5577,95.3222,79.77,76,45,8.25
385,San Luis Obispo,US,2021-12-02 00:51:33,35.3666,-120.5343,65.89,69,1,5.75
386,Marrakesh,MA,2021-12-02 00:51:53,31.6315,-8.0083,50.07,71,20,2.3
387,Daru,PG,2021-12-02 00:54:11,-9.0763,143.2092,86.85,68,83,3.76
388,Mount Isa,AU,2021-12-02 00:54:12,-20.7333,139.5,96.57,20,0,11.5
389,Vanavara,RU,2021-12-02 00:54:12,60.34,102.2797,-3.8,94,100,3.11
390,Zihuatanejo,MX,2021-12-02 00:54:12,17.6333,-101.55,79.59,80,5,2.82
391,Jacareacanga,BR,2021-12-02 00:54:13,-6.2222,-57.7528,72.48,99,90,1.45
392,Tadine,NC,2021-12-02 00:54:13,-21.55,167.8833,81.12,71,100,14.83
393,Tura,IN,2021-12-02 00:54:13,25.5198,90.2201,62.31,69,71,3.56
394,Honningsvag,NO,2021-12-02 00:54:14,70.9821,25.9704,36.16,60,100,29.93
395,Shawnee,US,2021-12-02 00:54:14,39.05,-95.7669,57.99,49,100,1.99
396,Kalaleh,IR,2021-12-02 00:54:15,37.3807,55.4916,76.6,20,75,23.02
397,Brae,GB,2021-12-02 00:54:16,60.3964,-1.353,37.31,61,83,30.2
398,Phangnga,TH,2021-12-02 00:54:16,8.4509,98.5298,78.84,94,100,4.81
399,Ponnani,IN,2021-12-02 00:54:16,10.767,75.9252,76.32,92,23,7.61
400,San Joaquin,US,2021-12-02 00:54:17,37.9333,-121.3011,68.14,65,1,3.44
401,Bama,NG,2021-12-02 00:54:18,11.5221,13.6856,70.75,35,18,5.44
402,Lagawe,PH,2021-12-02 00:54:18,16.8,121.1192,69.3,84,100,3.47
403,Campoverde,PE,2021-12-02 00:54:18,-8.4753,-74.8058,83.89,61,100,2.8
404,Terrace,CA,2021-12-02 00:54:18,54.5163,-128.6035,40.42,93,90,12.66
405,Asfi,MA,2021-12-02 00:54:19,32.2994,-9.2372,56.84,71,0,8.03
406,Faya,SA,2021-12-02 00:54:19,18.3851,42.4509,48.31,56,9,3.27
407,Sioux Lookout,CA,2021-12-02 00:54:19,50.1001,-91.917,34.18,100,90,2.3
408,Lucapa,AO,2021-12-02 00:54:20,-8.4192,20.7447,64.85,97,100,1.68
409,Svarychiv,UA,2021-12-02 00:54:21,48.9622,24.1966,43.72,68,99,18.88
410,Ostrovnoy,RU,2021-12-02 00:54:21,68.0531,39.5131,26.15,88,100,32.75
411,Coahuayana,MX,2021-12-02 00:54:21,18.7333,-103.6833,76.57,81,0,2.15
412,Ismailia,EG,2021-12-02 00:54:22,30.6043,32.2723,59.54,64,88,8.72
413,Mabaruma,GY,2021-12-02 00:55:23,8.2,-59.7833,75.54,92,100,3.4
414,Quatre Cocos,MU,2021-12-02 00:55:24,-20.2078,57.7625,77.11,76,28,12.88
415,Sovkhoznyy,RU,2021-12-02 00:55:24,45.2946,38.1138,38.12,77,24,8.25
416,Arkhangelsk,RU,2021-12-02 00:55:24,64.5401,40.5433,14.11,92,90,2.24
417,Chake Chake,TZ,2021-12-02 00:55:25,-5.2459,39.7666,75.34,87,14,4.88
418,Acuitzio,MX,2021-12-02 00:55:25,20.345,-101.9771,66.15,39,12,1.83
419,Trabzon,TR,2021-12-02 00:53:09,40.9167,39.8333,44.69,76,75,11.5
420,Pemberton,CA,2021-12-02 00:55:25,50.3164,-122.8027,51.49,100,100,6.13
421,Corrales,US,2021-12-02 00:55:26,35.2378,-106.6067,58.05,29,1,1.01
422,Kenora,CA,2021-12-02 00:55:26,49.8167,-94.4337,40.98,87,90,18.41
423,Beyla,GN,2021-12-02 00:55:11,8.6833,-8.6333,72.05,63,23,1.52
424,Bukachacha,RU,2021-12-02 00:55:27,52.9833,116.9167,10.29,59,75,12.15
425,Cudahy,US,2021-12-02 00:55:27,33.9606,-118.1853,80.24,70,1,0.0
426,Hovd,MN,2021-12-02 00:55:27,48.0056,91.6419,14.47,64,2,1.12
427,Olivia,MU,2021-12-02 00:55:27,-20.2975,57.7256,76.15,78,40,3.44
428,San Angelo,US,2021-12-02 00:55:29,31.4638,-100.437,65.53,39,25,1.99
429,Ambilobe,MG,2021-12-02 00:54:19,-13.2,49.05,73.15,76,35,2.64
430,Stabat,ID,2021-12-02 00:55:29,3.761,98.4513,77.2,90,92,2.95
431,Fremont,US,2021-12-02 00:50:31,37.5483,-121.9886,71.42,61,1,1.01
432,Faanui,PF,2021-12-02 00:55:30,-16.4833,-151.75,76.78,83,100,12.77
433,Alofi,NU,2021-12-02 00:55:31,-19.0595,-169.9187,82.29,74,75,17.27
434,Aquiraz,BR,2021-12-02 00:55:31,-3.9014,-38.3911,83.21,69,99,11.3
435,Caucaia,BR,2021-12-02 00:54:07,-3.7361,-38.6531,83.07,75,40,9.22
436,Makamba,BI,2021-12-02 00:55:31,-4.1348,29.804,61.03,88,94,2.35
437,Berlevag,NO,2021-12-02 00:55:32,70.8578,29.0864,33.98,60,100,29.68
438,Khuzdar,PK,2021-12-02 00:55:32,27.7384,66.6434,49.33,43,0,2.3
439,Ust-Tsilma,RU,2021-12-02 00:55:32,65.441,52.1498,21.56,97,100,4.94
440,Severo-Yeniseyskiy,RU,2021-12-02 00:55:33,60.3725,93.0408,15.58,94,100,6.78
441,Leeton,AU,2021-12-02 00:55:33,-34.5667,146.4,91.89,45,0,5.75
442,Torbay,CA,2021-12-02 00:55:33,47.6666,-52.7314,37.67,84,90,8.05
443,Tsabong,BW,2021-12-02 00:55:34,-26.0217,22.401,76.75,48,88,17.47
444,Khani,GE,2021-12-02 00:55:34,41.9563,42.9566,35.17,90,96,1.92
445,Ardakan,IR,2021-12-02 00:55:35,32.31,54.0175,60.06,26,100,6.8
446,Watsa,CD,2021-12-02 00:55:35,3.0372,29.5355,64.08,93,100,2.46
447,Zinder,NE,2021-12-02 00:55:35,13.8072,8.9881,71.55,24,9,10.29
448,Huarmey,PE,2021-12-02 00:55:36,-10.0681,-78.1522,66.52,86,100,6.64
449,Progreso,MX,2021-12-02 00:55:36,21.2833,-89.6667,74.89,75,5,12.19
450,Chamba,IN,2021-12-02 00:55:36,32.5667,76.1333,59.67,26,100,5.75
451,Nalut,LY,2021-12-02 00:55:37,30.3333,10.85,51.3,38,23,9.42
452,Finschhafen,PG,2021-12-02 00:55:37,-6.6024,147.8681,85.95,69,94,3.04
453,Padang,ID,2021-12-02 00:55:37,-0.9492,100.3543,80.65,75,19,0.69
454,Ibresi,RU,2021-12-02 00:55:38,55.2961,47.0394,26.29,74,63,10.6
455,Rovaniemi,FI,2021-12-02 00:55:38,66.5,25.7167,20.61,93,90,12.66
456,Bilibino,RU,2021-12-02 00:55:38,68.0546,166.4372,-31.77,100,81,2.73
457,Codrington,AU,2021-12-02 00:55:39,-38.2667,141.9667,66.58,72,100,11.25
458,Pozo Colorado,PY,2021-12-02 00:55:39,-23.4923,-58.7972,77.4,36,3,6.29
459,Taoudenni,ML,2021-12-02 00:55:39,22.6783,-3.9836,67.51,15,100,11.7
460,Artigas,UY,2021-12-02 00:51:17,-30.4,-56.4667,67.01,72,1,11.34
461,Oga,IT,2021-12-02 00:56:40,46.4631,10.347,30.74,97,100,1.45
462,Tianpeng,CN,2021-12-02 00:56:40,30.9866,103.9393,46.87,65,4,4.07
463,Kerman,IR,2021-12-02 00:56:41,30.2832,57.0788,35.46,48,0,0.0
464,Da Lat,VN,2021-12-02 00:56:41,11.9465,108.4419,61.5,69,61,5.91
465,Hun,LY,2021-12-02 00:56:41,29.1268,15.9477,52.29,60,9,7.54
466,Jutai,BR,2021-12-02 00:56:42,-5.1833,-68.9,73.29,99,100,2.53
467,Mecca,SA,2021-12-02 00:52:35,21.4267,39.8261,72.14,71,0,2.19
468,Palmer,US,2021-12-02 00:56:42,42.1584,-72.3287,36.21,76,100,2.42
469,Barabai,ID,2021-12-02 00:56:42,-2.5833,115.3833,83.52,71,68,1.54
470,Dve Mogili,BG,2021-12-02 00:56:43,43.6,25.8667,30.22,65,0,2.24
471,Speightstown,BB,2021-12-02 00:56:43,13.25,-59.65,81.21,78,100,21.59
472,San Jose,US,2021-12-02 00:53:48,37.3394,-121.895,71.74,54,1,0.0
473,Sur,OM,2021-12-02 00:56:44,22.5667,59.5289,71.71,52,0,2.64
474,Fevik,NO,2021-12-02 00:56:45,58.3794,8.6766,24.57,71,100,9.37
475,Kerur,IN,2021-12-02 00:56:45,16.0167,75.5667,67.96,94,98,8.16
476,College,US,2021-12-02 00:56:45,64.8569,-147.8028,-2.54,77,75,0.0
477,Tiznit,MA,2021-12-02 00:56:46,29.5833,-9.5,53.37,53,0,2.51
478,Rumoi,JP,2021-12-02 00:56:46,43.9344,141.6428,29.64,76,100,26.91
479,Polunochnoye,RU,2021-12-02 00:56:46,60.8697,60.4153,9.09,95,100,4.92
480,Paamiut,GL,2021-12-02 00:56:47,61.994,-49.6678,29.71,96,100,27.29
481,Asau,RO,2021-12-02 00:56:47,46.4333,26.4,36.75,90,84,6.62
482,Antalaha,MG,2021-12-02 00:56:48,-14.9003,50.2788,73.09,90,65,5.55
483,Mingyue,CN,2021-12-02 00:56:48,43.1069,128.9217,25.2,61,2,14.12
484,Graaff-Reinet,ZA,2021-12-02 00:56:48,-32.2522,24.5308,64.92,67,100,6.87
485,Hermitage,US,2021-12-02 00:56:49,41.2334,-80.4487,43.34,92,90,1.01
486,Talas,TR,2021-12-02 00:56:49,38.6908,35.5538,29.07,80,75,5.75
487,Karratha,AU,2021-12-02 00:55:06,-20.7377,116.8463,94.17,23,3,12.26
488,Mao,ES,2021-12-02 00:56:50,39.8885,4.2658,57.76,77,20,9.22
489,Kampot,KH,2021-12-02 00:56:51,10.6167,104.1833,77.05,73,26,12.19
490,Guane,CU,2021-12-02 00:56:51,22.2025,-84.0875,72.75,73,62,5.19
491,Ulladulla,AU,2021-12-02 00:56:52,-35.35,150.4667,79.7,63,10,9.35
492,Isla Mujeres,MX,2021-12-02 00:56:52,21.2311,-86.731,71.17,81,59,6.67
493,Woodward,US,2021-12-02 00:56:52,36.4337,-99.3904,57.96,38,1,5.75
494,Zhangye,CN,2021-12-02 00:56:53,38.9342,100.4517,25.43,38,0,7.05
495,Yar-Sale,RU,2021-12-02 00:56:53,66.8333,70.8333,0.52,96,100,12.68
496,Jewar,IN,2021-12-02 00:56:53,28.1333,77.55,59.47,34,100,3.8
497,Stromness,GB,2021-12-02 00:56:54,58.965,-3.296,39.16,57,100,33.13
498,Kumano,JP,2021-12-02 00:56:55,34.3442,132.5894,42.89,56,4,3.06
499,Fomboni,KM,2021-12-02 00:56:56,-12.28,43.7425,80.98,71,8,11.48
500,Boa Vista,BR,2021-12-02 00:56:56,2.8197,-60.6733,76.98,88,75,2.3
501,Qaqortoq,GL,2021-12-02 00:56:57,60.7167,-46.0333,32.5,99,100,20.15
502,Kishtwar,IN,2021-12-02 00:56:57,33.3167,75.7667,48.29,33,100,3.8
503,Tulsa,US,2021-12-02 00:56:24,36.1001,-95.9003,59.99,52,100,6.29
504,Kashan,IR,2021-12-02 00:56:58,33.9831,51.4364,55.51,47,93,2.15
505,Manokwari,ID,2021-12-02 00:56:58,-0.8667,134.0833,81.55,81,100,6.53
506,Nzerekore,GN,2021-12-02 00:56:59,7.7562,-8.8179,70.99,77,8,2.89
507,Coihaique,CL,2021-12-02 00:55:47,-45.5752,-72.0662,44.55,76,75,9.22
508,Makakilo City,US,2021-12-02 00:57:59,21.3469,-158.0858,82.62,62,20,13.8
509,Outjo,NA,2021-12-02 00:57:59,-20.1167,16.15,68.77,21,100,5.5
510,Kortenaken,BE,2021-12-02 00:58:00,50.9004,5.051,42.24,89,20,6.91
511,Krasnoselkup,RU,2021-12-02 00:54:50,65.7,82.4667,0.43,95,100,11.92
512,Petatlan,MX,2021-12-02 00:58:01,17.5167,-101.2667,77.27,86,1,2.46
513,Okhotsk,RU,2021-12-02 00:58:01,59.3833,143.3,1.83,79,100,27.87
514,Mackay,AU,2021-12-02 00:58:02,-21.15,149.2,91.69,66,0,6.91
515,Tiruchchendur,IN,2021-12-02 00:58:02,8.4833,78.1167,77.79,85,100,10.2
516,Port Hardy,CA,2021-12-02 00:58:03,50.6996,-127.4199,48.38,93,90,5.75
517,Djibo,BF,2021-12-02 00:58:04,14.1022,-1.6306,76.95,15,45,8.75
518,Kyzyl-Suu,KG,2021-12-02 00:58:05,42.3414,78.0056,25.09,57,1,10.69
519,Portland,US,2021-12-02 00:56:09,45.5234,-122.6762,59.77,87,76,1.32
520,Marsa Matruh,EG,2021-12-02 00:54:14,31.3525,27.2453,61.0,59,40,11.5
521,Clyde River,CA,2021-12-02 00:54:41,70.4692,-68.5914,7.03,85,100,25.32
522,Saint-Denis,FR,2021-12-02 00:57:45,48.9167,2.3333,43.23,92,75,1.99
523,Estevan,CA,2021-12-02 00:58:06,49.1334,-102.9842,43.14,65,90,12.66
524,Sinjar,IQ,2021-12-02 00:58:07,36.3209,41.8754,49.35,63,3,7.09
525,Hirara,JP,2021-12-02 00:58:07,24.8,125.2833,66.06,68,75,12.66
526,Male,MV,2021-12-02 00:58:08,4.1748,73.5089,78.75,94,75,4.61
527,Comodoro Rivadavia,AR,2021-12-02 00:56:09,-45.8667,-67.5,64.26,25,26,33.38
528,Ciudad Bolivar,VE,2021-12-02 00:58:09,8.1222,-63.5497,77.77,83,100,10.49
529,Usakos,NA,2021-12-02 00:56:53,-22.0,15.6,68.7,30,42,2.19
530,Abu Kamal,SY,2021-12-02 00:58:09,34.4506,40.9171,60.4,49,100,10.8
531,Yurga,RU,2021-12-02 00:58:10,55.7231,84.8861,10.71,91,100,6.53
532,Kabakovo,RU,2021-12-02 00:58:10,54.5369,56.1517,35.89,100,90,6.71
533,Tenenkou,ML,2021-12-02 00:58:10,14.4572,-4.9169,76.77,14,94,7.81
534,Banikoara,BJ,2021-12-02 00:58:10,11.2985,2.4386,75.38,21,100,4.99
535,Itoman,JP,2021-12-02 00:58:11,26.1247,127.6694,64.42,63,75,5.75
536,Areosa,PT,2021-12-02 00:58:11,41.7178,-8.8571,52.32,86,100,23.4
537,Manakara,MG,2021-12-02 00:58:12,-22.1333,48.0167,73.17,91,100,4.85
538,Eureka,US,2021-12-02 00:58:12,40.8021,-124.1637,58.12,82,0,1.99
539,Porto Santo,PT,2021-12-02 00:58:13,33.072,-16.3415,64.31,77,40,5.75
540,Ulagan,RU,2021-12-02 00:58:14,50.6321,87.9563,-0.81,79,31,2.53
541,Talnakh,RU,2021-12-02 00:58:14,69.4865,88.3972,-23.37,98,18,4.68
542,Lazaro Cardenas,MX,2021-12-02 00:56:27,17.9583,-102.2,79.02,80,0,4.32
543,Angoche,MZ,2021-12-02 00:58:15,-16.2325,39.9086,77.07,88,0,5.57
544,La Union,PE,2021-12-02 00:58:15,-5.4,-80.75,68.81,72,98,11.23
545,Madera,US,2021-12-02 00:58:16,37.1666,-119.8343,72.39,42,0,2.15
546,Atasu,KZ,2021-12-02 00:58:16,48.6814,71.6433,21.56,78,100,7.81
547,Juneau,US,2021-12-02 00:55:07,58.3019,-134.4197,37.4,89,90,10.36
548,Sorland,NO,2021-12-02 00:58:16,67.667,12.6934,34.79,59,100,35.3
549,Balakhta,RU,2021-12-02 00:58:17,55.38,91.6,16.54,91,100,1.9
550,Barahona,DO,2021-12-02 00:58:17,18.2085,-71.1008,78.49,78,56,5.75
551,Luanda,AO,2021-12-02 00:58:17,-8.8368,13.2343,77.0,94,75,3.44
552,Kyra,RU,2021-12-02 00:58:18,49.5776,111.9753,17.4,59,2,21.74
553,Tromso,NO,2021-12-02 00:58:18,69.6496,18.957,32.02,59,40,13.8
554,Leshukonskoye,RU,2021-12-02 00:58:19,64.8989,45.7622,23.38,97,100,4.74
